<?xml version="1.0" encoding="UTF-8" standalone="yes"?>
<addon id="repository.biz" name="Bizzle's Repo" version="0.1.0" provider-name="bizzlebuild">
    <extension point="xbmc.addon.repository" name="Bizzles Repo">
        <dir>
            <info compressed="false">https://raw.githubusercontent.com/bizzlebuild/biz.github.io/master/repo/zips/addons.xml</info>
            <checksum>https://raw.githubusercontent.com/bizzlebuild/biz.github.io/master/repo/zips/addons.xml.md5</checksum>
            <datadir zip="true">https://raw.githubusercontent.com/bizzlebuild/biz.github.io/master/repo/zips/</datadir>
        </dir>
    </extension>
    <extension point="xbmc.addon.metadata">
        <summary>Bizzle's Repo</summary>
        <description>kodi builds from Bizzle Builds</description>
        <disclaimer></disclaimer>
        <platform>all</platform>
        <assets>
            <icon>icon.png</icon>
            <fanart>fanart.jpg</fanart>
        </assets>
    </extension>
</addon>